Rank,Name,Team,Sort▼,G,oWAR,dWAR,PA,ePA,AB,R,H,2B,3B,HR,TB,RBI,SB,CS,BB,HP,IB,SO,GDP,SH,SF,비율,비율,비율,비율,비율,비율,WAR▼,season
Rank,Name,Team,WAR,G,oWAR,dWAR,PA,ePA,AB,R,H,2B,3B,HR,TB,RBI,SB,CS,BB,HP,IB,SO,GDP,SH,SF,AVG,OBP,SLG,OPS,R/ePA,wRC+,WAR▼,
1,홍창기,23 RF,6.89,141,5.96,0.93,643,638,524,109,174,35,2,1,216,65,23,23,88,22,3,83,6,3,6,0.332,0.444,0.412,0.856,0.183,161.3,6.89,2023
2,노시환,23 3B,6.74,131,6.38,0.35,595,590,514,85,153,30,1,31,278,101,2,1,74,4,5,118,13,0,3,0.298,0.388,0.541,0.929,0.188,160.0,6.74,2023
3,양의지,23 C,6.18,129,5.74,0.44,510,502,439,56,134,23,0,17,208,68,8,0,57,11,8,56,20,0,3,0.305,0.396,0.474,0.870,0.172,151.8,6.18,2023
4,김혜성,23 2B,6.09,137,6.06,0.03,621,619,556,104,186,29,6,7,248,57,25,3,57,3,3,77,6,0,5,0.335,0.396,0.446,0.842,0.163,141.0,6.09,2023
5,구자욱,23 RF,5.43,119,5.02,0.41,515,511,453,65,152,37,1,11,224,71,12,4,53,4,2,81,5,2,3,0.336,0.407,0.494,0.901,0.185,154.3,5.43,2023
6,최정,23 3B,5.42,128,5.68,-0.26,552,547,471,94,140,31,0,29,258,87,7,3,59,15,6,87,12,1,6,0.297,0.388,0.548,0.936,0.189,157.6,5.42,2023
7,오지환,23 SS,5.17,126,4.82,0.35,502,498,422,65,113,24,3,8,167,62,16,7,64,8,0,82,4,4,4,0.268,0.371,0.396,0.767,0.144,127.0,5.17,2023
8,오스틴,23 1B,5.13,139,5.06,0.07,583,583,520,87,163,29,4,23,269,95,7,3,53,3,2,75,11,0,7,0.313,0.376,0.517,0.893,0.175,153.9,5.13,2023
9,박민우,23 2B,4.53,124,4.17,0.36,509,501,452,76,143,20,7,2,183,46,26,7,40,9,3,57,13,5,3,0.316,0.381,0.405,0.786,0.146,123.4,4.53,2023
10,손아섭,23 DH,4.46,140,4.25,0.21,609,608,551,97,187,36,3,5,244,65,14,3,50,2,2,67,10,1,5,0.339,0.393,0.443,0.836,0.162,137.1,4.46,2023
Rank,Name,Team,Sort▼,G,oWAR,dWAR,PA,ePA,AB,R,H,2B,3B,HR,TB,RBI,SB,CS,BB,HP,IB,SO,GDP,SH,SF,비율,비율,비율,비율,비율,비율,WAR▼,2023
Rank,Name,Team,WAR,G,oWAR,dWAR,PA,ePA,AB,R,H,2B,3B,HR,TB,RBI,SB,CS,BB,HP,IB,SO,GDP,SH,SF,AVG,OBP,SLG,OPS,R/ePA,wRC+,WAR▼,2023
11,정수빈,23 CF,4.40,137,3.93,0.47,583,571,498,75,143,14,11,2,185,33,39,8,64,7,1,63,2,12,2,0.287,0.375,0.371,0.746,0.137,121.2,4.40,2023
12,박동원,23 C,4.26,130,4.15,0.11,481,471,409,54,102,17,1,20,181,75,0,1,49,7,3,90,7,8,8,0.249,0.334,0.443,0.777,0.134,117.7,4.26,2023
13,박찬호,23 SS,4.23,130,3.77,0.46,507,500,452,73,136,18,4,3,171,52,30,8,40,2,0,56,13,7,6,0.301,0.356,0.378,0.734,0.127,109.5,4.23,2023
14,문보경,23 3B,4.12,131,4.45,-0.33,542,533,469,77,141,29,5,10,210,72,9,8,58,2,2,83,5,9,4,0.301,0.377,0.448,0.825,0.158,138.5,4.12,2023
15,박건우,23 RF,4.05,130,4.29,-0.24,533,532,458,70,146,34,2,12,220,85,7,5,56,9,0,71,14,1,9,0.319,0.397,0.480,0.877,0.176,149.2,4.05,2023
16,소크라테스,23 CF,4.00,142,3.64,0.37,608,606,547,91,156,31,3,20,253,96,15,6,52,1,4,80,13,0,8,0.285,0.344,0.463,0.807,0.144,125.0,4.00,2023
17,알포드,23 LF,3.98,133,3.58,0.40,547,546,491,83,142,31,3,15,224,70,17,4,47,6,1,140,6,0,3,0.289,0.356,0.456,0.812,0.150,123.5,3.98,2023
18,에레디아,23 LF,3.95,122,3.74,0.21,523,519,473,76,153,29,0,12,218,76,12,8,39,9,4,75,13,1,1,0.323,0.385,0.461,0.846,0.163,135.9,3.95,2023
19,최형우,23 DH,3.85,121,4.23,-0.38,508,508,431,64,130,27,1,17,210,81,0,0,65,8,1,83,5,0,4,0.302,0.400,0.487,0.887,0.183,159.4,3.85,2023
20,문성주,23 LF,3.69,136,2.98,0.72,534,528,449,77,132,21,4,2,167,57,24,14,67,8,0,34,10,6,4,0.294,0.392,0.372,0.764,0.146,129.1,3.69,2023
Rank,Name,Team,Sort▼,G,oWAR,dWAR,PA,ePA,AB,R,H,2B,3B,HR,TB,RBI,SB,CS,BB,HP,IB,SO,GDP,SH,SF,비율,비율,비율,비율,비율,비율,WAR▼,2023
Rank,Name,Team,WAR,G,oWAR,dWAR,PA,ePA,AB,R,H,2B,3B,HR,TB,RBI,SB,CS,BB,HP,IB,SO,GDP,SH,SF,AVG,OBP,SLG,OPS,R/ePA,wRC+,WAR▼,2023
21,박성한,23 SS,3.66,128,3.29,0.37,529,521,459,53,122,19,0,9,168,47,4,1,58,1,1,56,7,7,4,0.266,0.347,0.366,0.713,0.120,99.7,3.66,2023
22,마틴,23 CF,3.55,118,3.50,0.04,503,502,435,55,123,20,2,17,198,90,15,3,57,1,2,107,8,0,10,0.283,0.360,0.455,0.815,0.149,125.5,3.55,2023
23,전준우,23 DH,3.53,138,3.86,-0.34,559,556,493,80,154,21,3,17,232,77,9,2,52,7,4,65,12,0,7,0.312,0.381,0.471,0.852,0.163,134.5,3.53,2023
24,박해민,23 CF,3.46,144,2.54,0.92,558,534,485,80,138,14,2,6,174,59,26,12,45,3,0,74,7,24,1,0.285,0.348,0.359,0.707,0.117,103.4,3.46,2023
25,강민호,23 C,3.40,125,3.70,-0.30,495,492,434,60,126,19,0,16,193,77,6,1,49,6,4,65,17,1,5,0.290,0.366,0.445,0.811,0.149,123.5,3.40,2023
26,장성우,23 C,3.40,131,3.26,0.14,464,460,410,37,118,22,0,11,173,65,1,1,42,2,1,70,12,3,7,0.288,0.351,0.422,0.773,0.136,110.5,3.40,2023
27,황재균,23 3B,3.24,109,2.80,0.44,457,454,407,62,120,26,2,6,168,49,3,3,45,1,1,64,15,3,1,0.295,0.366,0.413,0.779,0.142,116.0,3.24,2023
28,양석환,23 1B,2.92,140,2.51,0.41,582,579,524,73,147,28,0,21,238,89,4,0,41,6,3,133,9,0,11,0.281,0.333,0.454,0.787,0.135,119.4,2.92,2023
29,박병호,23 1B,2.75,132,2.00,0.75,493,493,431,53,122,15,0,18,191,87,2,0,46,8,2,114,9,0,8,0.283,0.357,0.443,0.800,0.144,118.2,2.75,2023
30,이재현,23 SS,2.73,143,2.52,0.22,538,522,458,61,114,19,2,12,173,60,5,4,52,6,0,89,9,16,6,0.249,0.330,0.378,0.708,0.115,95.9,2.73,2023
Rank,Name,Team,Sort▼,G,oWAR,dWAR,PA,ePA,AB,R,H,2B,3B,HR,TB,RBI,SB,CS,BB,HP,IB,SO,GDP,SH,SF,비율,비율,비율,비율,비율,비율,WAR▼,2023
Rank,Name,Team,WAR,G,oWAR,dWAR,PA,ePA,AB,R,H,2B,3B,HR,TB,RBI,SB,CS,BB,HP,IB,SO,GDP,SH,SF,AVG,OBP,SLG,OPS,R/ePA,wRC+,WAR▼,2023
31,김선빈,23 2B,2.71,119,2.92,-0.21,473,465,419,41,134,16,0,0,150,48,3,1,38,5,0,26,10,8,3,0.320,0.381,0.358,0.739,0.132,114.9,2.71,2023
32,김민혁,23 RF,2.63,113,1.87,0.76,448,441,397,68,118,20,3,3,153,41,11,4,36,3,0,48,4,7,5,0.297,0.356,0.385,0.741,0.128,104.9,2.63,2023
33,로하스,23 LF,2.59,122,3.35,-0.76,464,463,403,52,102,24,4,19,191,65,0,1,55,3,2,68,5,0,3,0.253,0.345,0.474,0.819,0.151,133.5,2.59,2023
34,안치홍,23 2B,2.38,121,2.84,-0.46,494,487,425,57,124,20,1,8,170,63,3,3,49,10,3,53,14,5,5,0.292,0.374,0.400,0.774,0.142,117.5,2.38,2023
35,김상수,23 SS,2.35,129,2.78,-0.43,512,504,443,58,120,19,1,3,150,56,5,6,55,3,0,68,9,8,3,0.271,0.353,0.339,0.692,0.116,95.3,2.35,2023
36,김주원,23 SS,2.30,127,2.37,-0.07,474,466,403,56,94,9,2,10,137,54,15,3,44,15,1,106,6,8,4,0.233,0.328,0.340,0.668,0.106,89.8,2.30,2023
37,허경민,23 3B,2.14,130,1.64,0.50,475,472,429,44,115,23,1,7,161,48,9,3,35,6,3,26,6,0,5,0.268,0.328,0.375,0.703,0.111,98.5,2.14,2023
38,채은성,23 1B,1.85,137,2.01,-0.16,596,593,521,71,137,17,0,23,223,84,0,0,52,20,8,102,16,0,3,0.263,0.351,0.428,0.779,0.138,117.0,1.85,2023
39,추신수,23 DH,1.78,112,1.99,-0.21,462,462,382,65,97,17,1,12,152,41,6,4,65,13,1,79,8,0,2,0.254,0.379,0.398,0.777,0.149,124.2,1.78,2023
40,김현수,23 DH,1.69,133,1.76,-0.07,556,555,488,53,143,22,2,6,187,88,2,1,58,1,4,53,10,1,8,0.293,0.364,0.383,0.747,0.130,114.4,1.69,2023
Rank,Name,Team,Sort▼,G,oWAR,dWAR,PA,ePA,AB,R,H,2B,3B,HR,TB,RBI,SB,CS,BB,HP,IB,SO,GDP,SH,SF,비율,비율,비율,비율,비율,비율,WAR▼,2023
Rank,Name,Team,WAR,G,oWAR,dWAR,PA,ePA,AB,R,H,2B,3B,HR,TB,RBI,SB,CS,BB,HP,IB,SO,GDP,SH,SF,AVG,OBP,SLG,OPS,R/ePA,wRC+,WAR▼,2023
41,강승호,23 2B,1.54,127,1.47,0.07,459,455,419,51,111,18,6,7,162,59,13,6,27,6,0,110,12,4,3,0.265,0.316,0.387,0.703,0.110,98.3,1.54,2023
42,문현빈,23 CF,1.42,137,1.54,-0.11,481,470,428,47,114,22,2,5,155,49,5,1,33,6,2,84,7,9,5,0.266,0.324,0.362,0.686,0.106,89.6,1.42,2023
43,최지훈,23 CF,1.30,117,1.65,-0.36,503,495,462,65,124,19,8,2,165,30,21,2,29,3,0,50,3,8,1,0.268,0.315,0.357,0.672,0.101,83.4,1.30,2023
44,최주환,23 2B,1.00,134,1.56,-0.56,478,474,426,48,100,24,0,20,184,63,0,0,44,4,4,94,6,1,3,0.235,0.310,0.432,0.742,0.120,99.3,1.00,2023
45,정은원,23 2B,0.76,122,0.86,-0.09,459,453,388,50,86,12,0,2,104,30,6,3,62,3,1,73,4,5,1,0.222,0.333,0.268,0.601,0.089,76.1,0.76,2023
46,피렐라,23 LF,0.66,139,1.62,-0.96,605,605,557,66,159,28,1,16,237,80,6,4,42,4,5,69,20,0,2,0.285,0.339,0.425,0.764,0.130,107.9,0.66,2023
47,김현준,23 CF,0.65,109,0.87,-0.23,479,471,433,62,119,10,6,3,150,46,5,5,30,5,0,84,5,8,3,0.275,0.327,0.346,0.673,0.102,85.2,0.65,2023
48,김재환,23 DH,0.45,132,0.81,-0.36,484,481,405,40,89,15,0,10,134,46,3,1,72,5,4,100,8,0,2,0.220,0.343,0.331,0.674,0.111,98.8,0.45,2023
49,류지혁,23 3B,0.40,132,1.03,-0.62,522,511,455,63,122,11,1,2,141,45,26,2,46,6,1,73,12,10,5,0.268,0.340,0.310,0.650,0.099,84.8,0.40,2023
50,김민석,23 CF,0.10,129,0.73,-0.63,454,441,400,53,102,24,0,3,135,39,16,3,31,6,1,112,6,12,5,0.255,0.314,0.338,0.652,0.095,78.1,0.10,2023
1,김도영,24 3B,8.59,141,8.78,-0.18,625,619,544,143,189,29,10,38,352,109,40,4,66,7,7,110,10,1,7,0.347,0.420,0.647,1.067,0.232,172.5,8.59,2024
2,로하스,24 RF,6.71,144,6.55,0.16,670,664,572,108,188,39,1,32,325,112,2,1,88,6,9,115,10,0,4,0.329,0.421,0.568,0.989,0.211,153.3,6.71,2024
3,송성문,24 3B,6.33,142,6.03,0.29,602,601,527,88,179,29,4,19,273,104,21,0,64,3,2,82,5,0,8,0.340,0.409,0.518,0.927,0.191,148.9,6.33,2024
4,구자욱,24 LF,5.88,129,5.79,0.08,568,563,493,92,169,39,1,33,309,115,13,4,55,12,4,73,6,2,6,0.343,0.417,0.627,1.044,0.228,162.3,5.88,2024
5,김혜성,24 2B,5.33,127,4.63,0.69,567,565,509,90,166,26,4,11,233,75,30,6,47,4,2,62,6,0,7,0.326,0.383,0.458,0.841,0.160,124.1,5.33,2024
6,오스틴,24 1B,5.23,140,5.06,0.17,604,600,527,99,168,32,3,32,302,132,12,8,61,3,6,82,9,0,13,0.319,0.384,0.573,0.957,0.192,147.8,5.23,2024
7,홍창기,24 RF,5.23,139,4.64,0.59,637,635,524,96,176,18,3,5,215,73,10,11,96,12,3,93,8,1,4,0.336,0.447,0.410,0.857,0.185,142.3,5.23,2024
8,박민우,24 2B,4.85,121,4.26,0.58,528,520,457,75,150,26,2,8,204,50,32,7,54,9,4,79,5,4,4,0.328,0.406,0.446,0.852,0.172,129.6,4.85,2024
9,최정,24 3B,4.70,129,4.79,-0.09,550,550,468,93,136,27,2,37,278,107,5,1,55,20,1,114,10,0,7,0.291,0.384,0.594,0.978,0.202,145.9,4.70,2024
10,에레디아,24 LF,4.56,136,4.24,0.33,591,588,541,82,195,31,1,21,291,118,4,3,28,13,3,73,12,0,9,0.360,0.399,0.538,0.937,0.191,137.2,4.56,2024
Rank,Name,Team,Sort▼,G,oWAR,dWAR,PA,ePA,AB,R,H,2B,3B,HR,TB,RBI,SB,CS,BB,HP,IB,SO,GDP,SH,SF,비율,비율,비율,비율,비율,비율,WAR▼,2024
Rank,Name,Team,WAR,G,oWAR,dWAR,PA,ePA,AB,R,H,2B,3B,HR,TB,RBI,SB,CS,BB,HP,IB,SO,GDP,SH,SF,AVG,OBP,SLG,OPS,R/ePA,wRC+,WAR▼,2024
11,박동원,24 C,4.54,130,3.58,0.96,498,495,434,58,118,22,0,20,200,80,1,0,55,0,2,112,14,2,7,0.272,0.349,0.461,0.810,0.144,111.0,4.54,2024
12,문보경,24 3B,4.46,144,4.61,-0.15,602,597,519,80,156,35,3,22,263,101,7,6,65,2,3,112,14,3,13,0.301,0.372,0.507,0.879,0.169,130.4,4.46,2024
13,김지찬,24 CF,4.11,135,3.71,0.41,535,521,453,102,143,16,3,3,174,36,42,4,60,9,2,40,5,12,1,0.316,0.405,0.384,0.789,0.157,112.7,4.11,2024
14,데이비슨,24 1B,4.11,131,4.39,-0.28,567,565,504,90,154,25,1,46,319,119,0,1,39,17,5,142,12,0,7,0.306,0.370,0.633,1.003,0.203,153.9,4.11,2024
15,권희동,24 LF,3.89,123,3.60,0.29,511,509,416,66,125,22,1,13,188,77,4,0,77,10,1,63,10,2,6,0.300,0.417,0.452,0.869,0.182,137.9,3.89,2024
16,김주원,24 SS,3.87,134,3.19,0.68,475,466,385,61,97,18,2,9,146,49,16,6,51,25,1,111,5,9,5,0.252,0.371,0.379,0.750,0.143,108.4,3.87,2024
17,강승호,24 2B,3.83,140,3.02,0.81,566,561,521,81,146,34,7,18,248,81,16,5,32,7,4,158,8,2,4,0.280,0.328,0.476,0.804,0.136,104.3,3.83,2024
18,박성한,24 SS,3.72,137,3.62,0.10,564,559,489,78,147,24,0,10,201,67,13,3,64,2,3,86,11,3,6,0.301,0.380,0.411,0.791,0.145,104.0,3.72,2024
19,소크라테스,24 LF,3.54,140,3.63,-0.10,602,599,552,92,171,30,3,26,285,97,13,5,41,4,4,91,7,0,5,0.310,0.359,0.516,0.875,0.163,121.2,3.54,2024
20,레이예스,24 RF,3.51,144,4.09,-0.58,632,631,574,88,202,40,3,15,293,111,5,0,46,1,2,82,16,0,11,0.352,0.394,0.510,0.904,0.179,127.5,3.51,2024
Rank,Name,Team,Sort▼,G,oWAR,dWAR,PA,ePA,AB,R,H,2B,3B,HR,TB,RBI,SB,CS,BB,HP,IB,SO,GDP,SH,SF,비율,비율,비율,비율,비율,비율,WAR▼,2024
Rank,Name,Team,WAR,G,oWAR,dWAR,PA,ePA,AB,R,H,2B,3B,HR,TB,RBI,SB,CS,BB,HP,IB,SO,GDP,SH,SF,AVG,OBP,SLG,OPS,R/ePA,wRC+,WAR▼,2024
21,강민호,24 C,3.43,136,3.13,0.30,452,450,403,48,122,19,1,19,200,77,3,0,35,8,2,52,17,0,6,0.303,0.365,0.496,0.861,0.161,115.6,3.43,2024
22,장성우,24 C,3.34,131,3.23,0.10,489,486,418,53,112,19,0,19,188,81,5,0,60,1,1,86,8,2,8,0.268,0.355,0.450,0.805,0.144,104.2,3.34,2024
23,양의지,24 C,3.31,119,3.50,-0.19,485,482,430,57,135,18,1,17,206,94,2,1,40,9,5,56,13,0,6,0.314,0.379,0.479,0.858,0.164,125.3,3.31,2024
24,허경민,24 3B,3.30,115,3.09,0.21,477,477,417,69,129,28,0,7,178,61,5,1,36,18,0,25,8,0,6,0.309,0.384,0.427,0.811,0.160,122.0,3.30,2024
25,윤동희,24 CF,3.23,141,3.01,0.23,613,610,532,97,156,35,4,14,241,85,7,8,67,7,1,114,10,2,5,0.293,0.376,0.453,0.829,0.159,113.1,3.23,2024
26,김재환,24 DH,3.19,136,3.47,-0.28,552,549,474,78,134,28,0,29,249,92,1,1,63,6,3,168,8,0,9,0.283,0.368,0.525,0.893,0.173,132.0,3.19,2024
27,고승민,24 2B,3.18,120,3.06,0.12,532,531,481,79,148,27,6,14,229,87,5,4,41,1,0,78,10,1,8,0.308,0.358,0.476,0.834,0.152,107.9,3.18,2024
28,이재현,24 SS,3.13,109,2.53,0.60,458,457,389,71,101,18,1,14,163,66,2,1,58,8,1,83,8,0,3,0.260,0.365,0.419,0.784,0.146,104.8,3.13,2024
29,정수빈,24 CF,3.07,136,2.62,0.45,608,598,510,95,145,21,3,4,184,47,52,13,71,9,1,72,8,10,8,0.284,0.376,0.361,0.737,0.131,100.2,3.07,2024
30,박찬호,24 SS,2.87,134,2.67,0.20,577,570,515,86,158,24,1,5,199,61,20,13,48,1,1,44,9,7,6,0.307,0.363,0.386,0.749,0.129,95.7,2.87,2024
Rank,Name,Team,Sort▼,G,oWAR,dWAR,PA,ePA,AB,R,H,2B,3B,HR,TB,RBI,SB,CS,BB,HP,IB,SO,GDP,SH,SF,비율,비율,비율,비율,비율,비율,WAR▼,2024
Rank,Name,Team,WAR,G,oWAR,dWAR,PA,ePA,AB,R,H,2B,3B,HR,TB,RBI,SB,CS,BB,HP,IB,SO,GDP,SH,SF,AVG,OBP,SLG,OPS,R/ePA,wRC+,WAR▼,2024
31,신민재,24 2B,2.72,128,3.19,-0.47,474,459,387,78,115,11,6,0,138,40,32,11,64,5,1,47,7,15,3,0.297,0.401,0.357,0.758,0.148,114.2,2.72,2024
32,노시환,24 3B,2.49,136,2.58,-0.08,601,597,526,88,143,20,2,24,239,89,6,0,60,11,9,129,10,0,4,0.272,0.356,0.454,0.810,0.145,106.5,2.49,2024
33,김선빈,24 2B,2.46,116,3.06,-0.60,466,458,423,48,139,23,0,9,189,57,5,1,30,5,0,39,13,7,0,0.329,0.380,0.447,0.827,0.156,117.4,2.46,2024
34,김영웅,24 3B,2.37,126,1.66,0.71,509,508,456,65,115,16,3,28,221,79,9,2,45,3,0,155,2,1,4,0.252,0.321,0.485,0.806,0.137,97.8,2.37,2024
35,김휘집,24 SS,2.31,140,1.74,0.57,562,557,488,78,126,24,1,16,200,73,4,3,52,10,1,119,16,4,8,0.258,0.337,0.410,0.747,0.125,95.0,2.31,2024
36,나승엽,24 1B,2.29,121,2.90,-0.61,489,486,407,59,127,35,4,7,191,66,1,0,69,4,1,83,4,2,7,0.312,0.411,0.469,0.880,0.182,129.7,2.29,2024
37,최원준,24 CF,2.24,136,2.50,-0.26,508,501,438,75,128,23,3,9,184,56,21,9,50,8,0,66,6,7,5,0.292,0.371,0.420,0.791,0.147,110.1,2.24,2024
38,양석환,24 1B,2.24,142,1.86,0.37,593,592,533,83,131,25,1,34,260,107,5,3,49,7,1,128,15,1,3,0.246,0.316,0.488,0.804,0.136,104.5,2.24,2024
39,페라자,24 LF,2.20,122,2.34,-0.14,522,518,455,75,125,24,0,24,221,70,7,5,63,2,5,129,6,0,2,0.275,0.364,0.486,0.850,0.158,116.7,2.20,2024
40,강백호,24 DH,2.19,144,2.53,-0.34,614,612,550,92,159,27,0,26,264,96,6,2,59,3,4,127,6,0,2,0.289,0.360,0.480,0.840,0.154,112.3,2.19,2024
Rank,Name,Team,Sort▼,G,oWAR,dWAR,PA,ePA,AB,R,H,2B,3B,HR,TB,RBI,SB,CS,BB,HP,IB,SO,GDP,SH,SF,비율,비율,비율,비율,비율,비율,WAR▼,2024
Rank,Name,Team,WAR,G,oWAR,dWAR,PA,ePA,AB,R,H,2B,3B,HR,TB,RBI,SB,CS,BB,HP,IB,SO,GDP,SH,SF,AVG,OBP,SLG,OPS,R/ePA,wRC+,WAR▼,2024
41,박해민,24 CF,2.10,144,1.50,0.59,553,548,482,72,127,16,6,6,173,56,43,13,46,11,0,101,3,5,9,0.263,0.336,0.359,0.695,0.112,86.1,2.10,2024
42,이주형,24 RF,2.03,115,1.78,0.25,537,536,473,82,126,19,3,13,190,60,6,0,49,14,1,119,4,0,1,0.266,0.352,0.402,0.754,0.133,103.6,2.03,2024
43,전준우,24 DH,1.85,109,2.21,-0.36,483,482,423,57,124,26,2,17,205,82,3,1,49,5,0,84,11,1,5,0.293,0.369,0.485,0.854,0.163,115.7,1.85,2024
44,최지훈,24 CF,1.82,125,2.09,-0.27,543,537,483,89,133,22,7,11,202,49,32,5,50,2,0,71,5,6,2,0.275,0.345,0.418,0.763,0.128,92.2,1.82,2024
45,최형우,24 DH,1.59,116,1.88,-0.29,487,486,425,67,119,23,2,22,212,109,1,1,52,5,4,86,5,0,5,0.280,0.361,0.499,0.860,0.161,119.0,1.59,2024
46,서호철,24 3B,1.44,141,1.32,0.11,567,561,512,68,146,19,3,10,201,61,1,3,30,16,0,101,15,6,3,0.285,0.342,0.393,0.735,0.123,93.3,1.44,2024
47,안치홍,24 DH,1.38,128,1.69,-0.31,533,531,473,64,142,21,0,13,202,66,3,2,49,6,1,70,10,1,4,0.300,0.370,0.427,0.797,0.146,107.9,1.38,2024
48,채은성,24 1B,1.18,124,1.36,-0.18,498,498,436,61,118,24,0,20,202,83,1,1,49,8,1,83,12,0,5,0.271,0.351,0.463,0.814,0.147,108.9,1.18,2024
49,김현수,24 LF,1.09,137,1.52,-0.43,583,582,517,61,152,36,2,8,216,69,6,1,47,9,1,76,10,1,9,0.294,0.357,0.418,0.775,0.136,104.7,1.09,2024
50,박승욱,24 SS,1.05,139,1.68,-0.64,468,463,405,57,106,19,1,7,148,53,4,5,47,10,3,120,7,3,3,0.262,0.351,0.365,0.716,0.121,86.4,1.05,2024
1,송성문,25 3B,8.58,144,7.54,1.04,646,642,574,103,181,37,4,26,304,90,25,2,68,1,5,96,6,0,3,0.315,0.387,0.530,0.917,0.183,164.1,8.58,2025
2,양의지,25 C,6.79,130,6.60,0.20,517,514,454,56,153,27,1,20,242,89,4,2,50,7,6,63,10,0,6,0.337,0.406,0.533,0.939,0.189,162.8,6.79,2025
3,안현민,25 RF,6.77,112,6.63,0.14,482,478,395,72,132,19,4,22,225,80,7,1,75,9,5,72,4,0,3,0.334,0.448,0.570,1.018,0.226,182.7,6.77,2025
4,김주원,25 SS,6.33,144,6.27,0.06,624,620,539,98,156,26,8,15,243,65,44,11,63,16,1,111,8,4,2,0.289,0.379,0.451,0.830,0.162,131.1,6.33,2025
5,디아즈,25 1B,5.80,144,4.81,0.99,628,621,551,93,173,32,0,50,355,158,1,0,60,6,10,100,15,0,11,0.314,0.381,0.644,1.025,0.205,159.7,5.80,2025
6,김성윤,25 RF,5.50,127,5.12,0.38,538,528,456,92,151,29,9,6,216,61,26,7,65,5,0,54,11,10,2,0.331,0.419,0.474,0.893,0.189,146.2,5.50,2025
7,박성한,25 SS,5.28,127,4.74,0.55,538,536,452,73,124,23,2,7,172,48,5,6,79,3,1,93,6,2,2,0.274,0.384,0.381,0.765,0.149,120.8,5.28,2025
8,이재현,25 SS,5.13,139,4.49,0.63,555,544,457,82,116,29,1,16,195,67,6,1,69,11,1,119,8,10,8,0.254,0.360,0.427,0.787,0.146,113.9,5.13,2025
9,박동원,25 C,5.12,139,4.80,0.32,523,518,451,57,114,25,0,22,205,76,4,0,62,2,4,124,10,3,5,0.253,0.342,0.455,0.797,0.142,121.0,5.12,2025
10,노시환,25 3B,4.88,144,4.47,0.41,624,618,539,97,140,28,2,32,268,101,14,5,70,11,10,125,22,0,4,0.260,0.354,0.497,0.851,0.156,129.7,4.88,2025
Rank,Name,Team,Sort▼,G,oWAR,dWAR,PA,ePA,AB,R,H,2B,3B,HR,TB,RBI,SB,CS,BB,HP,IB,SO,GDP,SH,SF,비율,비율,비율,비율,비율,비율,WAR▼,2025
Rank,Name,Team,WAR,G,oWAR,dWAR,PA,ePA,AB,R,H,2B,3B,HR,TB,RBI,SB,CS,BB,HP,IB,SO,GDP,SH,SF,AVG,OBP,SLG,OPS,R/ePA,wRC+,WAR▼,2025
11,오스틴,25 1B,4.86,116,5.11,-0.25,499,494,425,82,133,25,1,31,253,95,3,0,61,2,7,62,11,0,11,0.313,0.393,0.595,0.988,0.199,171.6,4.86,2025
12,박찬호,25 SS,4.56,134,4.25,0.30,595,587,516,75,148,18,2,5,185,42,27,6,62,3,0,69,7,8,6,0.287,0.363,0.359,0.722,0.127,107.3,4.56,2025
13,박해민,25 CF,4.55,144,3.36,1.19,544,522,442,80,122,18,2,3,153,43,49,14,68,8,0,94,7,22,4,0.276,0.379,0.346,0.725,0.136,115.7,4.55,2025
14,구자욱,25 LF,4.48,142,5.11,-0.63,616,611,529,106,169,43,2,19,273,96,4,1,73,5,7,91,9,1,8,0.319,0.402,0.516,0.918,0.185,143.6,4.48,2025
15,박민우,25 2B,4.38,117,3.72,0.66,468,461,404,64,122,25,8,3,172,67,28,8,44,12,5,64,5,4,4,0.302,0.384,0.426,0.810,0.152,123.3,4.38,2025
16,최형우,25 DH,4.37,133,4.37,-0.01,549,545,469,74,144,30,1,24,248,86,1,0,67,8,8,98,9,0,5,0.307,0.399,0.529,0.928,0.186,157.6,4.37,2025
17,케이브,25 RF,4.30,136,4.02,0.28,593,592,538,72,161,28,6,16,249,87,17,1,43,4,1,116,7,0,8,0.299,0.351,0.463,0.814,0.146,125.4,4.30,2025
18,문보경,25 3B,4.18,141,4.72,-0.53,607,605,515,91,142,21,1,24,237,108,3,1,79,4,3,108,15,0,9,0.276,0.371,0.460,0.831,0.159,135.5,4.18,2025
19,위즈덤,25 1B,3.49,119,3.48,0.02,486,485,424,73,100,20,1,35,227,85,3,0,52,4,2,142,9,0,6,0.236,0.321,0.535,0.856,0.155,131.4,3.49,2025
20,신민재,25 2B,3.49,135,4.18,-0.69,538,532,463,87,145,15,7,1,177,61,15,9,62,3,0,57,7,6,4,0.313,0.395,0.382,0.777,0.151,128.8,3.49,2025
Rank,Name,Team,Sort▼,G,oWAR,dWAR,PA,ePA,AB,R,H,2B,3B,HR,TB,RBI,SB,CS,BB,HP,IB,SO,GDP,SH,SF,비율,비율,비율,비율,비율,비율,WAR▼,2025
Rank,Name,Team,WAR,G,oWAR,dWAR,PA,ePA,AB,R,H,2B,3B,HR,TB,RBI,SB,CS,BB,HP,IB,SO,GDP,SH,SF,AVG,OBP,SLG,OPS,R/ePA,wRC+,WAR▼,2025
21,김현수,25 LF,3.36,140,3.61,-0.24,552,552,483,66,144,24,0,12,204,90,4,0,64,4,1,73,10,0,1,0.298,0.384,0.422,0.806,0.156,133.1,3.36,2025
22,레이예스,25 LF,3.21,144,3.63,-0.42,643,627,573,75,187,44,1,13,272,107,7,1,58,3,17,66,25,0,9,0.326,0.386,0.475,0.861,0.156,124.8,3.21,2025
23,이주형,25 CF,2.93,127,2.37,0.56,514,510,446,55,107,22,1,11,164,45,15,1,37,28,2,115,7,3,0,0.240,0.337,0.368,0.705,0.115,103.8,2.93,2025
24,오지환,25 SS,2.89,127,2.65,0.24,472,465,419,57,106,24,1,16,180,62,9,7,37,3,0,115,4,7,6,0.253,0.314,0.430,0.744,0.120,101.9,2.89,2025
25,김휘집,25 3B,2.87,142,2.78,0.09,500,498,429,64,107,18,2,17,180,56,10,2,40,27,0,89,9,2,2,0.249,0.349,0.420,0.769,0.138,112.3,2.87,2025
26,정수빈,25 CF,2.83,132,2.32,0.51,546,537,462,89,119,16,4,6,161,38,26,13,61,11,2,57,7,8,4,0.258,0.355,0.348,0.703,0.122,104.8,2.83,2025
27,김영웅,25 3B,2.82,125,2.03,0.79,499,497,446,66,111,22,2,22,203,72,6,2,48,2,3,143,6,0,3,0.249,0.323,0.455,0.778,0.132,102.8,2.82,2025
28,권희동,25 LF,2.76,136,2.62,0.13,456,448,358,56,88,24,0,6,130,39,5,5,77,11,0,80,10,8,2,0.246,0.393,0.363,0.756,0.154,124.8,2.76,2025
29,문성주,25 RF,2.61,135,2.31,0.31,542,542,475,57,145,20,2,3,178,70,4,3,54,4,0,59,10,0,9,0.305,0.375,0.375,0.750,0.135,115.1,2.61,2025
30,강민호,25 C,2.59,127,2.33,0.26,465,461,412,37,111,23,1,12,172,71,2,2,38,7,4,69,16,1,7,0.269,0.336,0.417,0.753,0.124,96.4,2.59,2025
Rank,Name,Team,Sort▼,G,oWAR,dWAR,PA,ePA,AB,R,H,2B,3B,HR,TB,RBI,SB,CS,BB,HP,IB,SO,GDP,SH,SF,비율,비율,비율,비율,비율,비율,WAR▼,2025
Rank,Name,Team,WAR,G,oWAR,dWAR,PA,ePA,AB,R,H,2B,3B,HR,TB,RBI,SB,CS,BB,HP,IB,SO,GDP,SH,SF,AVG,OBP,SLG,OPS,R/ePA,wRC+,WAR▼,2025
31,문현빈,25 LF,2.42,141,3.10,-0.69,592,585,528,71,169,30,2,12,239,80,17,6,38,10,2,82,11,5,11,0.320,0.370,0.453,0.823,0.149,124.2,2.42,2025
32,최지훈,25 CF,2.30,140,2.25,0.05,574,568,517,66,147,16,4,7,192,45,28,7,43,5,2,87,2,4,5,0.284,0.342,0.371,0.713,0.116,93.8,2.30,2025
33,장성우,25 C,2.27,129,2.24,0.03,480,477,413,44,102,13,0,14,157,58,0,1,55,2,1,96,13,2,8,0.247,0.333,0.380,0.713,0.118,96.1,2.27,2025
34,고승민,25 2B,2.05,121,1.66,0.39,538,532,469,71,127,21,2,4,164,45,5,1,56,3,1,83,8,6,4,0.271,0.350,0.350,0.700,0.118,94.3,2.05,2025
35,한유섬,25 RF,1.82,128,1.90,-0.08,511,507,455,50,124,24,0,15,193,71,1,0,46,7,3,120,6,1,2,0.273,0.347,0.424,0.771,0.134,108.4,1.82,2025
36,허경민,25 3B,1.68,114,1.69,-0.01,481,478,420,47,119,18,0,4,149,44,4,1,39,15,1,35,14,3,4,0.283,0.362,0.355,0.717,0.123,99.4,1.68,2025
37,류지혁,25 2B,1.51,129,1.12,0.39,464,450,400,54,112,14,0,1,129,37,11,6,33,13,0,73,11,14,4,0.280,0.351,0.323,0.674,0.108,84.1,1.51,2025
38,전준우,25 DH,1.39,114,1.84,-0.45,472,469,410,50,120,26,1,8,172,70,2,1,44,9,2,71,9,3,6,0.293,0.369,0.420,0.789,0.144,115.1,1.39,2025
39,채은성,25 1B,1.37,132,1.95,-0.57,527,520,480,54,138,27,1,19,224,88,1,2,31,13,5,96,4,3,0,0.288,0.347,0.467,0.814,0.143,118.4,1.37,2025
40,고명준,25 1B,0.79,130,0.07,0.72,500,500,471,46,131,20,1,17,204,64,2,0,20,2,1,99,12,0,7,0.278,0.306,0.433,0.739,0.112,90.8,0.79,2025
Rank,Name,Team,Sort▼,G,oWAR,dWAR,PA,ePA,AB,R,H,2B,3B,HR,TB,RBI,SB,CS,BB,HP,IB,SO,GDP,SH,SF,비율,비율,비율,비율,비율,비율,WAR▼,2025
Rank,Name,Team,WAR,G,oWAR,dWAR,PA,ePA,AB,R,H,2B,3B,HR,TB,RBI,SB,CS,BB,HP,IB,SO,GDP,SH,SF,AVG,OBP,SLG,OPS,R/ePA,wRC+,WAR▼,2025
41,최주환,25 1B,0.56,120,1.03,-0.47,506,504,459,45,126,31,1,12,195,74,0,0,36,5,2,66,8,0,6,0.275,0.330,0.425,0.755,0.124,111.4,0.56,2025
42,오선우,25 1B,0.03,124,0.95,-0.92,474,474,437,58,116,17,1,18,189,56,0,2,34,3,2,158,11,0,0,0.265,0.323,0.432,0.755,0.124,105.0,0.03,2025
43,최원준,25 CF,-1.28,126,-0.13,-1.14,449,447,413,62,100,13,3,6,137,44,26,8,23,6,0,71,5,2,5,0.242,0.289,0.332,0.621,0.077,64.5,-1.28,2025
